,Clothing ID,Age,Title,Review Text,Rating,Recommended IND,Positive Feedback Count,Division Name,Department Name,Class Name,Text,Text Length,Text Length Token,sentiment
5985,850,41,Navy top is classic and timeless,"I was looking for a navy top to replace an overused navy silk cowlneck that i have been wearing for years. this is perfect. light, versatile and classic.",4,1,0,General Petite,Tops,Blouses,"Navy top is classic and timeless. I was looking for a navy top to replace an overused navy silk cowlneck that i have been wearing for years. this is perfect. light, versatile and classic.",187,44,1
14082,1081,39,Love,"But i have no idea where i would wear this dress... i tried on the size 2 in store, someone had returned it, but i always loved the cut and color of this dress (been in my wish list) so i tried it on anyway. it is so lovely, the cut is super flattering, the bow on the chest is beautiful, and the colors are much nicer in person, pinker. the feel is a bit satin0like, soft. i would need the 0 as it was a bit wide on the chest, but not a petite - surprisingly (usually do need petite in dresses).
if",5,1,1,General,Dresses,Dresses,"Love. But i have no idea where i would wear this dress... i tried on the size 2 in store, someone had returned it, but i always loved the cut and color of this dress (been in my wish list) so i tried it on anyway. it is so lovely, the cut is super flattering, the bow on the chest is beautiful, and the colors are much nicer in person, pinker. the feel is a bit satin0like, soft. i would need the 0 as it was a bit wide on the chest, but not a petite - surprisingly (usually do need petite in dresses).
if",506,135,1
15601,949,52,Soft and easy,Love this sweater and it is so soft and cozy cause it has a little wool in it...not scratchy at all.  5'4 138# usually wear size 6.  i got a small regular (not petite).  looks great with leggings and skirts not to long for a shorty like me.,5,1,0,General,Tops,Sweaters,Soft and easy. Love this sweater and it is so soft and cozy cause it has a little wool in it...not scratchy at all.  5'4 138# usually wear size 6.  i got a small regular (not petite).  looks great with leggings and skirts not to long for a shorty like me.,255,73,1
7745,859,66,Looks just like the pic,"The fabric of this top is a tee shirt, mid weight material. it has a nice drape and the color variations along the vee are true to the photo. i purchased size large and it's a bit wide and long for my frame. you could safely size down. the fabric drapes nicely but i didn't like the sleeves or length and it fits large so am returning.",4,1,0,General,Tops,Knits,"Looks just like the pic. The fabric of this top is a tee shirt, mid weight material. it has a nice drape and the color variations along the vee are true to the photo. i purchased size large and it's a bit wide and long for my frame. you could safely size down. the fabric drapes nicely but i didn't like the sleeves or length and it fits large so am returning.",360,90,0
5400,877,44,Cute sweatshirt,"I really wanted this to work. the embroidery detail is very pretty. however, the inside of the sweatshirt is a bit scratchy from the embroidery so i would recommend wearing a cami or tank. the sweatshirt is also on the short size. the small hit the top of my jean waist. in the end, i decided to return it:(",3,0,5,General,Tops,Knits,"Cute sweatshirt. I really wanted this to work. the embroidery detail is very pretty. however, the inside of the sweatshirt is a bit scratchy from the embroidery so i would recommend wearing a cami or tank. the sweatshirt is also on the short size. the small hit the top of my jean waist. in the end, i decided to return it:(",324,91,0
7347,927,59,Inspired,"I am inspired to sit in front of a roaring fire, sipping tea, with the dogs at my feet, in this sweater. or roaming the moors. the cashmere is thick, luxurious, and soft. there is a cable detail that runs along the large wooden buttons and also the pockets, (decent sized pockets to stash a hanky, while roaming the moors). the fit is on the large size and boxy. if i had to nit pick, i would say that the length could be a tad longer. the sweater does not have complete derriã¨re coverage. i am 5?5?",4,1,3,General,Tops,Sweaters,"Inspired. I am inspired to sit in front of a roaring fire, sipping tea, with the dogs at my feet, in this sweater. or roaming the moors. the cashmere is thick, luxurious, and soft. there is a cable detail that runs along the large wooden buttons and also the pockets, (decent sized pockets to stash a hanky, while roaming the moors). the fit is on the large size and boxy. if i had to nit pick, i would say that the length could be a tad longer. the sweater does not have complete derriã¨re coverage. i am 5?5?",510,143,1
5309,895,54,Adorable,I love this poncho. i would wear it to the beach or even for fun outing like wine tasting!,5,1,0,General,Tops,Fine gauge,Adorable. I love this poncho. i would wear it to the beach or even for fun outing like wine tasting!,100,27,1
19667,825,46,"Xl fits small, light blue is pretty","I ordered the white and the light blue in size xl. both are cut much smaller than is typical for my other retailer xl blouses. everything the first reviewer wrote is true. the photos of the white top show a detailed back when it is plain (like the blue). the back is just a solid, kind of slippery material. it's strange because it's not see-through in the back but you need to wear a tank/cami for the front. so, it makes the shirt that much tighter since you need to have the extra layer. 

i would",2,0,3,General,Tops,Blouses,"Xl fits small, light blue is pretty. I ordered the white and the light blue in size xl. both are cut much smaller than is typical for my other retailer xl blouses. everything the first reviewer wrote is true. the photos of the white top show a detailed back when it is plain (like the blue). the back is just a solid, kind of slippery material. it's strange because it's not see-through in the back but you need to wear a tank/cami for the front. so, it makes the shirt that much tighter since you need to have the extra layer. 

i would",539,132,1
13772,1078,23,"High quality, on trend","I love this tunic! it runs slightly large. i ordered my usual size small (i am 5'4'' 125lbs) and it is a looser fit but falls nicely. i wear it as a dress, and the blue/gray color is so pretty!",4,1,1,General,Dresses,Dresses,"High quality, on trend. I love this tunic! it runs slightly large. i ordered my usual size small (i am 5'4'' 125lbs) and it is a looser fit but falls nicely. i wear it as a dress, and the blue/gray color is so pretty!",217,64,1
7436,338,46,Love,"Material is heavier so maybe not for summer months, but fit & feel great. love that they fall beyond the knee where other leggings can fall just below the knees and be uncomfortable and restricting which makes no sense for ""active"" wear.",5,1,0,Initmates,Intimate,Lounge,"Love. Material is heavier so maybe not for summer months, but fit & feel great. love that they fall beyond the knee where other leggings can fall just below the knees and be uncomfortable and restricting which makes no sense for ""active"" wear.",243,57,1
19079,1139,43,Beautiful but not for my body,"The color and fabric of this item are so appealing and i think this is a great piece for the right person. the fabric is beautiful but also much thicker than i'd imagined from the photos. it has a quilted quality so doesn't drape very well and is just too much fabric for me around the arms. i typically wear a size 12 and ordered the large. i think a medium might have been better. haven't decided yet whether to exchange for m or just plain return. has an artsy, cool professor vibe that i like.",3,1,4,General,Trend,Trend,"Beautiful but not for my body. The color and fabric of this item are so appealing and i think this is a great piece for the right person. the fabric is beautiful but also much thicker than i'd imagined from the photos. it has a quilted quality so doesn't drape very well and is just too much fabric for me around the arms. i typically wear a size 12 and ordered the large. i think a medium might have been better. haven't decided yet whether to exchange for m or just plain return. has an artsy, cool professor vibe that i like.",528,125,1
16056,872,56,Flattering fit and comfortable fabric,"Happy to have tried this one on in store. unlike other peplum, the bottom portion does not pop out. looks good under a cadi as well. find this top very versatile. i got both colors since they are both flattering.",5,1,1,General,Tops,Knits,"Flattering fit and comfortable fabric. Happy to have tried this one on in store. unlike other peplum, the bottom portion does not pop out. looks good under a cadi as well. find this top very versatile. i got both colors since they are both flattering.",251,58,1
13550,927,27,Product great for a tall person,"I love the concept of an airy, flowing sweater that has great detail. this item stole my heart online. however, i am fairly petite (5'3'') and it looked like it was drowning me. the neck line is decently wide and my small frame couldn't hold it up; it kept falling off my shoulders. i ended up returning. i think it would look and feel fantastic though if i were taller and had broad shoulders.",3,0,0,General Petite,Tops,Sweaters,"Product great for a tall person. I love the concept of an airy, flowing sweater that has great detail. this item stole my heart online. however, i am fairly petite (5'3'') and it looked like it was drowning me. the neck line is decently wide and my small frame couldn't hold it up; it kept falling off my shoulders. i ended up returning. i think it would look and feel fantastic though if i were taller and had broad shoulders.",427,108,1
17794,844,19,"Cute design, poor quality","For starters, the back pictured on the website is not true to the actual back of the shirt. the small traps are not there and it isn't gathered in the exact same way. the big bow is adjustable and overall i really loved the fit of the top, but the difference in design is not something i would expect from retailer. my shirt also got a hole in it along the seam in the back after washing once. although i liked the look of the top, the quality is not what i'm used to from retailer.",3,0,4,General,Tops,Blouses,"Cute design, poor quality. For starters, the back pictured on the website is not true to the actual back of the shirt. the small traps are not there and it isn't gathered in the exact same way. the big bow is adjustable and overall i really loved the fit of the top, but the difference in design is not something i would expect from retailer. my shirt also got a hole in it along the seam in the back after washing once. although i liked the look of the top, the quality is not what i'm used to from retailer.",509,126,0
11405,895,42,"Great potential, but ...","I love the pattern and style of this top. it is a flattering cut, however, it was way too short. i am 5'6"" and small usually fits me without issue. sadly enough i had to return it.",3,0,0,General Petite,Tops,Fine gauge,"Great potential, but .... I love the pattern and style of this top. it is a flattering cut, however, it was way too short. i am 5'6"" and small usually fits me without issue. sadly enough i had to return it.",206,57,0
21114,858,38,Disappointing,"I was expecting a tunic with a bit of structure and weight to layer over leggings, with boots, etc.

this is just an oversized turtleneck - there's nothing special about it. it's thin material. nothing to justify the price.

the sizing seems odd. i'm normally a 2 on the top and 4 on the bottom. the xs was huge up top (i was swimming in it - much larger than it appears in pictures on the model) and spanned across my hips (more than the model).

even if i could find a size that worked, there was n",3,0,4,General Petite,Tops,Knits,"Disappointing. I was expecting a tunic with a bit of structure and weight to layer over leggings, with boots, etc.

this is just an oversized turtleneck - there's nothing special about it. it's thin material. nothing to justify the price.

the sizing seems odd. i'm normally a 2 on the top and 4 on the bottom. the xs was huge up top (i was swimming in it - much larger than it appears in pictures on the model) and spanned across my hips (more than the model).

even if i could find a size that worked, there was n",515,136,0
22066,850,40,Beautiful but runs small,"This is a gorgeous blouse, but it runs small in my opinion. i consistently wear a size 2 in moulinette soeurs, and i'm trying to decide if a 4 will still be too small, and if i need to exchange for a 6. construction and materials are lovely, just consider sizing up if you purchase this blouse.",5,1,22,General,Tops,Blouses,"Beautiful but runs small. This is a gorgeous blouse, but it runs small in my opinion. i consistently wear a size 2 in moulinette soeurs, and i'm trying to decide if a 4 will still be too small, and if i need to exchange for a 6. construction and materials are lovely, just consider sizing up if you purchase this blouse.",320,77,1
6600,895,39,So blah,"Based on the strength of the other reviews, i thought this sweater would be amazing, but i was disappointed. the knit is very thin, cheap looking and weak that it won't last a season undamaged. it reminds me of a duster i bought 15 years ago at a discount fast-fashion retailer when i was a student. sloppy looking with lots of creases out of the package. collar is odd and the sleeve openings have an annoying flare. the drape is not structured enough--everything about this screams over priced bath",2,0,0,General Petite,Tops,Fine gauge,"So blah. Based on the strength of the other reviews, i thought this sweater would be amazing, but i was disappointed. the knit is very thin, cheap looking and weak that it won't last a season undamaged. it reminds me of a duster i bought 15 years ago at a discount fast-fashion retailer when i was a student. sloppy looking with lots of creases out of the package. collar is odd and the sleeve openings have an annoying flare. the drape is not structured enough--everything about this screams over priced bath",509,130,0
22862,945,44,Boxy,"This sweater was unflattering me, very boxy and did not fall on me like the model. soft fabric and looks nice off, however this one went back.",3,0,0,General,Tops,Sweaters,"Boxy. This sweater was unflattering me, very boxy and did not fall on me like the model. soft fabric and looks nice off, however this one went back.",148,40,0
7223,869,34,Loose comfy shirt,I found it hard to pair with bottoms. fit wasn't very flattering for me.,3,1,0,General,Tops,Knits,Loose comfy shirt. I found it hard to pair with bottoms. fit wasn't very flattering for me.,91,25,1
22205,1078,46,Missed the mark,"Oh boy...i didn't get this one, and it runs small. too bad.",2,0,0,General,Dresses,Dresses,"Missed the mark. Oh boy...i didn't get this one, and it runs small. too bad.",76,25,0
11649,1078,27,Great fit. wrong color.,"The fit and style of this dress are beautiful. it's a bouncy fabric that is light and comfortable. i really wanted to love it, but the color just didn't work for me. the pictures make it look like it's a nice cream color, but it's very tan and i can't pull it off with my coloring.",4,1,10,General,Dresses,Dresses,"Great fit. wrong color.. The fit and style of this dress are beautiful. it's a bouncy fabric that is light and comfortable. i really wanted to love it, but the color just didn't work for me. the pictures make it look like it's a nice cream color, but it's very tan and i can't pull it off with my coloring.",306,82,1
4870,834,28,So silky soft and lightweight,Just got this shirt in the mail and i am absolutely in love! i paired it with jeans and brown boots and got so many compliments. the shirt is light and flowy. it very flattering for any body shape.,5,1,1,General Petite,Tops,Blouses,So silky soft and lightweight. Just got this shirt in the mail and i am absolutely in love! i paired it with jeans and brown boots and got so many compliments. the shirt is light and flowy. it very flattering for any body shape.,228,56,1
12493,1108,56,Love this dress,When i wore this dress i got tons of compliments! the quality is great along with the style.,5,1,2,General,Dresses,Dresses,Love this dress. When i wore this dress i got tons of compliments! the quality is great along with the style.,109,26,1
21220,1081,26,Very pretty dress,"This dress is super super pretty. it is very dull light blue grey, very romantic with the black blow. very very pretty, i love it! my only complaint is that it ""balloons"" up a bit due to the fabric. it is very fitted for me, i think if it were a tad loose fitting it would not balloon up around the curves as much. it is short and comes a little above the knees. i love this dress for it's romantic look, it can be paired with leggings as well.can't wait to wear it.",4,1,1,General,Dresses,Dresses,"Very pretty dress. This dress is super super pretty. it is very dull light blue grey, very romantic with the black blow. very very pretty, i love it! my only complaint is that it ""balloons"" up a bit due to the fabric. it is very fitted for me, i think if it were a tad loose fitting it would not balloon up around the curves as much. it is short and comes a little above the knees. i love this dress for it's romantic look, it can be paired with leggings as well.can't wait to wear it.",485,127,1
16711,8,70,Alas not as good as it looks,"The suit is lovely, but it is very long in the torso and gaps at the leg. i was told that it runs small and to size up to a 10. i did, but i do not think the smaller one would have done better. the bust is fake and it turns out when untied. worst of all it emphasizes the tummy. all in all not a good look for me. i am not heavy but i do need tummy support. normally i wear an 8 and in garnet hill a 6. sorry but it went back. i really wanted to like it.",2,0,0,Initmates,Intimate,Swim,"Alas not as good as it looks. The suit is lovely, but it is very long in the torso and gaps at the leg. i was told that it runs small and to size up to a 10. i did, but i do not think the smaller one would have done better. the bust is fake and it turns out when untied. worst of all it emphasizes the tummy. all in all not a good look for me. i am not heavy but i do need tummy support. normally i wear an 8 and in garnet hill a 6. sorry but it went back. i really wanted to like it.",484,133,0
2130,872,34,Flattering a comfortable,"This top looks just as it does on the model and it fit just as they said it would. i needed a nice shirt to wear with jeans and camouflage my new-mommy tummy and this was perfect! it's really comfortable and fun, too!",5,1,0,General Petite,Tops,Knits,"Flattering a comfortable. This top looks just as it does on the model and it fit just as they said it would. i needed a nice shirt to wear with jeans and camouflage my new-mommy tummy and this was perfect! it's really comfortable and fun, too!",243,63,1
22955,895,43,Delicate lace beautiful design,"This is a beautifully made sweater. i bought this sweater in ivory yesterday; i wore it today and received many compliments. i think the sweater is adorable. it?s soft and warm; the neck is perfect, i like that it?s not as restrictive as a turtleneck. the long sleeves add character and help to make it interesting. i highly recommend it?i?m looking for a black one,",5,1,0,General Petite,Tops,Fine gauge,"Delicate lace beautiful design. This is a beautifully made sweater. i bought this sweater in ivory yesterday; i wore it today and received many compliments. i think the sweater is adorable. it?s soft and warm; the neck is perfect, i like that it?s not as restrictive as a turtleneck. the long sleeves add character and help to make it interesting. i highly recommend it?i?m looking for a black one,",398,107,1
9438,898,35,Plain jane,"I guess i am in a comfort clothing mood these days since i have been looking at a lot of them lately! this one is a nice thicker material and i like that the sleeves go all the way down, but i am not a fan of the design. i felt the color scheme was very plain. the neckline comes up higher on me than i would have expected and makes me feel like i am choking. it is not a flattering cut on me and does not accentuate anything i would want it to, nor does it hide imperfections. it truly is comfort we",3,0,4,General,Tops,Fine gauge,"Plain jane. I guess i am in a comfort clothing mood these days since i have been looking at a lot of them lately! this one is a nice thicker material and i like that the sleeves go all the way down, but i am not a fan of the design. i felt the color scheme was very plain. the neckline comes up higher on me than i would have expected and makes me feel like i am choking. it is not a flattering cut on me and does not accentuate anything i would want it to, nor does it hide imperfections. it truly is comfort we",512,127,1
5223,1094,45,It won't fit over the chest,"I saw this dress in the store and loved everything about it. they had an extra large, i usually wear a large, and i thought it would perfect with some leggings. i tried to get the dress over my chest but no chance. my sister who wears a medium tried to put it in too and she couldn't fit it past her chest either. we flipped it inside out and couldn't find a zipper. maybe the dress in the store was mislabeled but the bust ran very small. it's too bad, it looked adorable and i was so excited to try",1,0,0,General Petite,Dresses,Dresses,"It won't fit over the chest. I saw this dress in the store and loved everything about it. they had an extra large, i usually wear a large, and i thought it would perfect with some leggings. i tried to get the dress over my chest but no chance. my sister who wears a medium tried to put it in too and she couldn't fit it past her chest either. we flipped it inside out and couldn't find a zipper. maybe the dress in the store was mislabeled but the bust ran very small. it's too bad, it looked adorable and i was so excited to try",529,135,0
15303,1059,49,Very comfortable,I love these pants. i saw them and had to have them. i love the classic plaid style and have always loved the blue/green combination. i purchased the fisherman sweater and saw these pants and new it would be a hit. get compliments on this combo all the time.,5,1,1,General,Bottoms,Pants,Very comfortable. I love these pants. i saw them and had to have them. i love the classic plaid style and have always loved the blue/green combination. i purchased the fisherman sweater and saw these pants and new it would be a hit. get compliments on this combo all the time.,276,69,1
18102,834,56,The perfect top,"This top is very flattering, the fabric flows and moves. it fits perfectly (slim cut), but hides tummy bulges and other imperfections. and it's slimming too. can be dressed up or down, goes with everything. i ended up buying all three colors, and if there were more, i would buy more!",5,1,7,General,Tops,Blouses,"The perfect top. This top is very flattering, the fabric flows and moves. it fits perfectly (slim cut), but hides tummy bulges and other imperfections. and it's slimming too. can be dressed up or down, goes with everything. i ended up buying all three colors, and if there were more, i would buy more!",301,80,1
11132,1025,48,Outstanding!,"I live in blue jeans - and i'm extremely particular about style, fit, and fabric. an eternal fan of ag, i tried these on the recommendation of a sales association. in the past week - i've dressed them up, dressed them down, and wished i could wear them to work! the wash is an especially versatile shade of indigo. incredibly flattering fit. if you're going to splurge on one essential this season...these paige jeans are definitely a candidate.",5,1,1,General,Bottoms,Jeans,"Outstanding!. I live in blue jeans - and i'm extremely particular about style, fit, and fabric. an eternal fan of ag, i tried these on the recommendation of a sales association. in the past week - i've dressed them up, dressed them down, and wished i could wear them to work! the wash is an especially versatile shade of indigo. incredibly flattering fit. if you're going to splurge on one essential this season...these paige jeans are definitely a candidate.",459,112,1
8502,397,32,Great leggings!,"I'm extremely pleased with the quaiity of these leggings. the material is comfortable and supportive without feeling too restrictive. the pattern ans styling are slimming. most importantly, they don't slide down during your workout! i'm 5'8'' and a size 12-14 and the large fit perfectly.",5,1,1,Initmates,Intimate,Lounge,"Great leggings!. I'm extremely pleased with the quaiity of these leggings. the material is comfortable and supportive without feeling too restrictive. the pattern ans styling are slimming. most importantly, they don't slide down during your workout! i'm 5'8'' and a size 12-14 and the large fit perfectly.",305,80,1
5088,1035,34,These stretch out horribly,"I've never had a problem with pilcro jeans. i own several pairs. however, i ordered my regular size 28 (i'm 5'3, 120 pounds) and not only were these jeans thin, they had zero stretch and after 1 hour of wear stretched out horribly. they fit really loose and hung around my knees and legs which is very disappointing for a skinny jean.",2,0,3,General,Bottoms,Jeans,"These stretch out horribly. I've never had a problem with pilcro jeans. i own several pairs. however, i ordered my regular size 28 (i'm 5'3, 120 pounds) and not only were these jeans thin, they had zero stretch and after 1 hour of wear stretched out horribly. they fit really loose and hung around my knees and legs which is very disappointing for a skinny jean.",362,93,0
13349,1038,29,"Loose in the crotch, jegging-like everywhere else","I think you have to have stick legs/legs for days for this style to fit as pictured. i thought i had found the perfect boyfriend jean, but once these babies arrived i was really disappointed. the color is slightly brighter than the picture, which is fine, though i was digging the slightly greyed look.

anyway, these were loose in the waist and crotch and fit snugly everywhere else. i have a fairly athletic build, so it's not uncommon for me to have issues with fit around the calves and thighs,",3,0,42,General Petite,Bottoms,Jeans,"Loose in the crotch, jegging-like everywhere else. I think you have to have stick legs/legs for days for this style to fit as pictured. i thought i had found the perfect boyfriend jean, but once these babies arrived i was really disappointed. the color is slightly brighter than the picture, which is fine, though i was digging the slightly greyed look.

anyway, these were loose in the waist and crotch and fit snugly everywhere else. i have a fairly athletic build, so it's not uncommon for me to have issues with fit around the calves and thighs,",551,140,1
17691,1095,33,"Great idea, mediocre execution","I really wanted to love this dress, but i think the proportions are very weird. i'm 5'7"" and usually go for an eight in unstructured dresses and a 10 in more structured dresses.
it runs small throughout, and is too short for me to feel comfortable wearing to work. the front is nicely detailed, but the back looks weirdly forgotten and could use more detailing. i tried on three different sizes (8,10,and 12) and they all pulled weirdly at the chest. there's a little slip that goes with the dress, w",2,0,9,General,Dresses,Dresses,"Great idea, mediocre execution. I really wanted to love this dress, but i think the proportions are very weird. i'm 5'7"" and usually go for an eight in unstructured dresses and a 10 in more structured dresses.
it runs small throughout, and is too short for me to feel comfortable wearing to work. the front is nicely detailed, but the back looks weirdly forgotten and could use more detailing. i tried on three different sizes (8,10,and 12) and they all pulled weirdly at the chest. there's a little slip that goes with the dress, w",532,133,1
2194,940,38,"Ok, but...","Gorgeous detail on the sleeve. adorable pattern. unfortunately, it is a little too cropped & it's not actually sleeves. it's a cape style. wasn't expecting, but still really cute.",4,1,9,General,Tops,Sweaters,"Ok, but.... Gorgeous detail on the sleeve. adorable pattern. unfortunately, it is a little too cropped & it's not actually sleeves. it's a cape style. wasn't expecting, but still really cute.",191,59,1
20022,865,54,Feminine and pretty,Beautiful top that will go with anything. looking forward to wearing it.,5,1,0,General Petite,Tops,Knits,Feminine and pretty. Beautiful top that will go with anything. looking forward to wearing it.,93,18,1
5295,867,65,Love it!,Bought this top in black and i love it! fits true to size with arms a little snug but because of the stretch in the fabric it is fine. the top is very flattering and looked like the model. the front is shorter but very flattering! love it.,5,1,0,General Petite,Tops,Knits,Love it!. Bought this top in black and i love it! fits true to size with arms a little snug but because of the stretch in the fabric it is fine. the top is very flattering and looked like the model. the front is shorter but very flattering! love it.,249,61,1
12891,1030,42,Amazing,"These are my first pair of mother denim and certainly not the last. they fit true to size. i am a 26 in designer denim such as j brand, paige, ag. i bought these in a size 26 and they fit perfectly. they hug my curves nicely. i am 5'3 so they bunch up just a little bit at the ankles which i can easily have altered, but honestly don't need it. the quality is great - nice denim material with a lot of stretch to it. i love my skinny jeans tight and these were exactly what i was looking for!",5,1,7,General,Bottoms,Jeans,"Amazing. These are my first pair of mother denim and certainly not the last. they fit true to size. i am a 26 in designer denim such as j brand, paige, ag. i bought these in a size 26 and they fit perfectly. they hug my curves nicely. i am 5'3 so they bunch up just a little bit at the ankles which i can easily have altered, but honestly don't need it. the quality is great - nice denim material with a lot of stretch to it. i love my skinny jeans tight and these were exactly what i was looking for!",501,130,1
3461,828,72,Beautiful!,"This shirt is more beautiful in person. it has a lovely hand feel (soft) and the blue is as shown but a bit more vibrant. i bought it for my 13 year old niece. she loved it! she may have to return for a small, but i do feel the size ran true to size. it depends on how you want to wear it.",5,1,4,General,Tops,Blouses,"Beautiful!. This shirt is more beautiful in person. it has a lovely hand feel (soft) and the blue is as shown but a bit more vibrant. i bought it for my 13 year old niece. she loved it! she may have to return for a small, but i do feel the size ran true to size. it depends on how you want to wear it.",301,78,1
1508,863,60,Sleeves stretch out,"I really liked this top when i tried it on but as i wore it the bottom of the sleeves stretched out terrible where they looked worn out from wearing over and over, and since this happened with the first wearing and i paid $88.00 i sent it back. if it hadn't been for that it's a comfy and cute casual top",4,0,3,General,Tops,Knits,"Sleeves stretch out. I really liked this top when i tried it on but as i wore it the bottom of the sleeves stretched out terrible where they looked worn out from wearing over and over, and since this happened with the first wearing and i paid $88.00 i sent it back. if it hadn't been for that it's a comfy and cute casual top",325,85,0
5904,917,66,Unique,"I ordered my normal size large and it fit well although a bit on the long side. the fabric has a waffle texture that's lightweight but warm and cozy. i got the blue and the color was a bit intense in combination with the tie dye affect and waffled texture. my favorite part are the lighter striations on the neck. that opening is really small. it just didn't suit me, so i returned but recommend giving it a try if it's calling your name.",4,1,0,General,Tops,Fine gauge,"Unique. I ordered my normal size large and it fit well although a bit on the long side. the fabric has a waffle texture that's lightweight but warm and cozy. i got the blue and the color was a bit intense in combination with the tie dye affect and waffled texture. my favorite part are the lighter striations on the neck. that opening is really small. it just didn't suit me, so i returned but recommend giving it a try if it's calling your name.",446,111,1
7999,1092,38,Beautiful dress but very large,"This dress is beautiful and unique - the cutouts and lace really stand out. however, the dress was huge on me and that is rare with moulinette souers. i usually get a 0 or 0p in this brand due to the bust sizing being generally smaller but the 0 regular was huge and the armholes really big. the petite may have been better but felt that it would have been too short. while the design is beautiful, there were several areas on the dress where the threads were unraveling. for reference, i am 24 waist",2,0,1,General Petite,Dresses,Dresses,"Beautiful dress but very large. This dress is beautiful and unique - the cutouts and lace really stand out. however, the dress was huge on me and that is rare with moulinette souers. i usually get a 0 or 0p in this brand due to the bust sizing being generally smaller but the 0 regular was huge and the armholes really big. the petite may have been better but felt that it would have been too short. while the design is beautiful, there were several areas on the dress where the threads were unraveling. for reference, i am 24 waist",532,121,1
99,861,33,Pernette henley,"I am in need of easy comfortable tops for everyday wear. i bought this top mostly because of the cute buttons. when i received it, it looked exactly as it does in the picture online, however, the buttons kept slipping out of their homes because the holes were slightly too big. the shirt fit but was just a tad snug near the upper arms, which would stretch and loosen up throughout the day. it's definitely a comfortable shirt, but it felt more like a pajama top. it's going back.",3,0,17,General Petite,Tops,Knits,"Pernette henley. I am in need of easy comfortable tops for everyday wear. i bought this top mostly because of the cute buttons. when i received it, it looked exactly as it does in the picture online, however, the buttons kept slipping out of their homes because the holes were slightly too big. the shirt fit but was just a tad snug near the upper arms, which would stretch and loosen up throughout the day. it's definitely a comfortable shirt, but it felt more like a pajama top. it's going back.",497,119,1
17015,867,37,Lovely sweater!,Loved this online and even better in person. inner lining is like a cozy sweatshirt!,5,1,0,General,Tops,Knits,Lovely sweater!. Loved this online and even better in person. inner lining is like a cozy sweatshirt!,101,28,1
11827,823,53,Not worth the price,"I ordered this blouse as a gift for my mom. it is too pricey to live up to my expectations. it is quite sheer and the hem of the sleeves are unfinished which you can't see in the pictures. this makes a very expensive blouse look cheap. it is made of viscose and dry clean only. the material used is not on par with the price in my opinion. if it had been real silk or another natural fiber, ok. but for me this and the unfinished hem along with the price is a deal breaker for me.",3,0,6,General,Tops,Blouses,"Not worth the price. I ordered this blouse as a gift for my mom. it is too pricey to live up to my expectations. it is quite sheer and the hem of the sleeves are unfinished which you can't see in the pictures. this makes a very expensive blouse look cheap. it is made of viscose and dry clean only. the material used is not on par with the price in my opinion. if it had been real silk or another natural fiber, ok. but for me this and the unfinished hem along with the price is a deal breaker for me.",501,127,0
5240,1094,25,Beautiful design,I really wanted to love this everything about this piece. especially after reading all of the great review i was so excited and looking forward to getting this dress. unfortunately it just did not work out. i ordered a large and it fit fine but the dress did not give me the faltering shape i had read about and was hoping for. it literally just hung on me and made me look wider. sadly i had to return this.,3,0,0,General,Dresses,Dresses,Beautiful design. I really wanted to love this everything about this piece. especially after reading all of the great review i was so excited and looking forward to getting this dress. unfortunately it just did not work out. i ordered a large and it fit fine but the dress did not give me the faltering shape i had read about and was hoping for. it literally just hung on me and made me look wider. sadly i had to return this.,426,93,0
4725,1080,62,Keeper!,"I adore this maxi! the fit, style, pattern (black motif), machine washability, everything! fits tts (got my usual size s for 5'7"", 125lbs). i would say that the length is appropriate - some are super long on me, and i'm not one to wear heels. i was also happy that the top fits nice and snug - my issue is usually that when i bend forward the top drapes open due to my small chest - no problem with this dress! i think it's perfect piece for spring/summer/fall and dressing up or down. my one slight",5,1,6,General,Dresses,Dresses,"Keeper!. I adore this maxi! the fit, style, pattern (black motif), machine washability, everything! fits tts (got my usual size s for 5'7"", 125lbs). i would say that the length is appropriate - some are super long on me, and i'm not one to wear heels. i was also happy that the top fits nice and snug - my issue is usually that when i bend forward the top drapes open due to my small chest - no problem with this dress! i think it's perfect piece for spring/summer/fall and dressing up or down. my one slight",508,138,1
8436,1092,39,Autumn defined,"This beautiful dress is the perfect style for fall. when i first picked this up, i was surprised by how heavy it felt. there is so much embroidery i thought the dress was lined with another layer. however, the fabric is not stiff. there are numerous exquisite details including a button up bodice, additional embroidery on the skirt and ladder lace on the sleeves. 


i sized up to l because of my heavy back/shoulders/upper arms. sizing up does make the bodice of the dress look a tad wider but n",5,1,40,General,Dresses,Dresses,"Autumn defined. This beautiful dress is the perfect style for fall. when i first picked this up, i was surprised by how heavy it felt. there is so much embroidery i thought the dress was lined with another layer. however, the fabric is not stiff. there are numerous exquisite details including a button up bodice, additional embroidery on the skirt and ladder lace on the sleeves. 


i sized up to l because of my heavy back/shoulders/upper arms. sizing up does make the bodice of the dress look a tad wider but n",516,125,1
3035,862,48,Poor quality,"When the top arrived and i tried it on; it was great. the length was perfect even though i am curvy. after one wash (done according to the directions), the top shrank in length considerably. i do not mind paying a higher price for something unique and something of quality.....i do have a problem with something that does not hold up to basic use. i will be returning this item.",1,0,0,General,Tops,Knits,"Poor quality. When the top arrived and i tried it on; it was great. the length was perfect even though i am curvy. after one wash (done according to the directions), the top shrank in length considerably. i do not mind paying a higher price for something unique and something of quality.....i do have a problem with something that does not hold up to basic use. i will be returning this item.",392,91,0
5859,1033,61,Great fit & comfort,They fit perfectly and the stretch makes them very comfortable.,5,1,0,General Petite,Bottoms,Jeans,Great fit & comfort. They fit perfectly and the stretch makes them very comfortable.,84,18,1
5743,880,69,Lovely lilac,"This top is soft, comfortable and drapes nicely. the print makes it fresh and different. i sized down to a small.",5,1,18,General,Tops,Knits,"Lovely lilac. This top is soft, comfortable and drapes nicely. the print makes it fresh and different. i sized down to a small.",127,32,1
19154,1121,40,Runs small!,"Wow, this runs small! i'm thinking the accidentally sent me an xxs?!?",3,0,0,General,Jackets,Outerwear,"Runs small!. Wow, this runs small! i'm thinking the accidentally sent me an xxs?!?",82,24,0
357,907,51,Worth the sale price,Tts. i'm wearing a small. the black goes with so many of my charlie print pants. washed nicely. layers flat to dry. had to iron the shell underneath. great for casual office.,5,1,2,General,Tops,Fine gauge,Worth the sale price. Tts. i'm wearing a small. the black goes with so many of my charlie print pants. washed nicely. layers flat to dry. had to iron the shell underneath. great for casual office.,196,53,1
16591,1083,53,Recommendation with qualifier,"This gorgeous dress arrived today. the color is beautiful, but the sizing? way off. i cannot move my arms -- it is extremely snug across the shoulders. but, the rest of the dress is loose, as shown in the picture. if i went up a size to fit my shoulders, i'd be swimming in this dress. so, all you gals out there with anthletic tendencies: beware of this dress. it is for women without shoulders/with tiny arms. too bad. this is otherwise gorgeous & would look great worn over a sexy slip with the bo",4,1,12,General,Dresses,Dresses,"Recommendation with qualifier. This gorgeous dress arrived today. the color is beautiful, but the sizing? way off. i cannot move my arms -- it is extremely snug across the shoulders. but, the rest of the dress is loose, as shown in the picture. if i went up a size to fit my shoulders, i'd be swimming in this dress. so, all you gals out there with anthletic tendencies: beware of this dress. it is for women without shoulders/with tiny arms. too bad. this is otherwise gorgeous & would look great worn over a sexy slip with the bo",531,133,0
10011,1110,39,Beautiful!,"Just as the others have reviewed, i agree! this dress is flowy and so feminine. i got it today and i am wearing it now! so light! i usually wear a large or a 12 in dresses. i am pear shaped. 36b bust and large hips. it is flattering and feels great on. the slip underneath fits perfect on me. grab this before it becomes iso!",5,1,3,General,Dresses,Dresses,"Beautiful!. Just as the others have reviewed, i agree! this dress is flowy and so feminine. i got it today and i am wearing it now! so light! i usually wear a large or a 12 in dresses. i am pear shaped. 36b bust and large hips. it is flattering and feels great on. the slip underneath fits perfect on me. grab this before it becomes iso!",337,89,1
16561,840,36,Nice top,No complaints about this top. i like that it's very soft and the length is good as a tunic. would recommend.,4,1,0,General,Tops,Blouses,Nice top. No complaints about this top. i like that it's very soft and the length is good as a tunic. would recommend.,118,34,1
7505,105,48,Perfect stylish comfort,"First off, these are great because they are not so tight like all other work out crops that my anatomy is not a mystery to people around me. i have an athletic build and these pants are awesome in that they hug the body lightly. they are so soft and comfy also. perfect for running and the gym and apres whatever. i bought a back up pair.",5,1,0,Initmates,Intimate,Lounge,"Perfect stylish comfort. First off, these are great because they are not so tight like all other work out crops that my anatomy is not a mystery to people around me. i have an athletic build and these pants are awesome in that they hug the body lightly. they are so soft and comfy also. perfect for running and the gym and apres whatever. i bought a back up pair.",363,84,1
20412,830,29,Too boxy,"This top has a really pretty pattern and is good quality, but was just too boxy for me. i also felt like the sleeves were a little odd/big. 

the fit is tts, though slightly shorter then it looks on the model.",3,1,2,General,Tops,Blouses,"Too boxy. This top has a really pretty pattern and is good quality, but was just too boxy for me. i also felt like the sleeves were a little odd/big. 

the fit is tts, though slightly shorter then it looks on the model.",221,56,1
3569,1077,48,Not for the high waisted,"I was so sad not to love this dress. it is beautiful, but is so unflattering on. there is a lot of material under the arms and it gathers up due to the smocking. so, it just made me look incredibly frumpy. i don't really think a petite would have helped - the gathers just bunch a bit and so rather than hang, the dress sort of clumps. i am lean but broad shouldered and maybe that is the problem, but i was super disappointed. narrow shouldered people with long torsos could pull this off. it is a t",2,0,0,General,Dresses,Dresses,"Not for the high waisted. I was so sad not to love this dress. it is beautiful, but is so unflattering on. there is a lot of material under the arms and it gathers up due to the smocking. so, it just made me look incredibly frumpy. i don't really think a petite would have helped - the gathers just bunch a bit and so rather than hang, the dress sort of clumps. i am lean but broad shouldered and maybe that is the problem, but i was super disappointed. narrow shouldered people with long torsos could pull this off. it is a t",526,138,0
10119,937,52,Itchy itchy,"Beautiful color, design and fit.  but i couldn't wait to get it off.  i don't have sensitive skin and don't recall ever putting a jacket on that felt like steel wool.",2,0,0,General,Tops,Sweaters,"Itchy itchy. Beautiful color, design and fit.  but i couldn't wait to get it off.  i don't have sensitive skin and don't recall ever putting a jacket on that felt like steel wool.",179,47,1
19125,1121,49,Too much fabric for a petite,"I just loved this when i saw it in store. beautiful fabric, lovely color. i ordered a small petite because petite xs was sold out. i imagine it might be a little better if it were a size smaller, but there is sooo much fabric in the pleated bottom, unless you are blessed with exceptionally long legs, it might end up looking like a witches coat. at least that is what i was told by my daughter.",3,0,1,General,Jackets,Outerwear,"Too much fabric for a petite. I just loved this when i saw it in store. beautiful fabric, lovely color. i ordered a small petite because petite xs was sold out. i imagine it might be a little better if it were a size smaller, but there is sooo much fabric in the pleated bottom, unless you are blessed with exceptionally long legs, it might end up looking like a witches coat. at least that is what i was told by my daughter.",425,99,1
8472,863,38,Way too big,"I was quite excited to find this tee in the store. the design looked interesting and it seemed nice on the mannequin. the bright red color really stood out in person. i am 5'2"", 34b, tried on my usual size s and it was humongous! although the sales lady found a size xs (they don't have size xxs available in the store) for me to try on, it was still huge like a tent. it probably would fit better for a tall body figure. i would recommend those who are interested in this tee to try it in the store,",3,0,36,General,Tops,Knits,"Way too big. I was quite excited to find this tee in the store. the design looked interesting and it seemed nice on the mannequin. the bright red color really stood out in person. i am 5'2"", 34b, tried on my usual size s and it was humongous! although the sales lady found a size xs (they don't have size xxs available in the store) for me to try on, it was still huge like a tent. it probably would fit better for a tall body figure. i would recommend those who are interested in this tee to try it in the store,",513,133,0
9899,868,40,Very boxy,"This top had potential, but the cut is very boxy and not fitted at all like the front picture shows. the picture from the back is much more representative of what it looks like. i'm 5'7"", 135lbs and normally wear either an xs or s and the xs in this was still huge and boxy, but very short with tight sleeves (i have small arms so hardly ever have an issue with tight sleeves). the small fit better as far as length and and sleeves, but still very boxy. the pattern and cutouts are very cute, but thi",3,0,9,General Petite,Tops,Knits,"Very boxy. This top had potential, but the cut is very boxy and not fitted at all like the front picture shows. the picture from the back is much more representative of what it looks like. i'm 5'7"", 135lbs and normally wear either an xs or s and the xs in this was still huge and boxy, but very short with tight sleeves (i have small arms so hardly ever have an issue with tight sleeves). the small fit better as far as length and and sleeves, but still very boxy. the pattern and cutouts are very cute, but thi",511,134,1
18807,1094,46,Abroad dress,"This is a heavy dress - it's surprising when you lift up the hanger how much it weighs because it looks like a light sundress. and on my frame, which is pretty thin, it hits my shoulders and then my hips and just falls... so the heft of it means there's no waistline... it's an odd fit. the color is gorgeous, but the lack of shape made this a no.",3,0,2,General Petite,Dresses,Dresses,"Abroad dress. This is a heavy dress - it's surprising when you lift up the hanger how much it weighs because it looks like a light sundress. and on my frame, which is pretty thin, it hits my shoulders and then my hips and just falls... so the heft of it means there's no waistline... it's an odd fit. the color is gorgeous, but the lack of shape made this a no.",361,102,0
10177,1096,41,Channeling laura ingalls wilder,This is a beautiful dress. all that's missing is a bonnet!,3,0,0,General,Dresses,Dresses,Channeling laura ingalls wilder. This is a beautiful dress. all that's missing is a bonnet!,91,22,1
3906,1100,39,Just as pictured.,"This dress is so pretty in person. the colors are great - the blue and green and just beautiful in person. the fit is tts. i happen to have a blue belt and could style it just as the model has, but really it doesn't need it. it is super flattering even without a belt. i am just a hair shy of 5'5"", and i cannot wear flats or it would drag the floor. but adding a 2 1/2"" wedge is perfect to keep it off the floor (no hemming needed). i don't usually pay full price, but i am glad i did in this case.",5,1,14,General,Dresses,Dresses,"Just as pictured.. This dress is so pretty in person. the colors are great - the blue and green and just beautiful in person. the fit is tts. i happen to have a blue belt and could style it just as the model has, but really it doesn't need it. it is super flattering even without a belt. i am just a hair shy of 5'5"", and i cannot wear flats or it would drag the floor. but adding a 2 1/2"" wedge is perfect to keep it off the floor (no hemming needed). i don't usually pay full price, but i am glad i did in this case.",518,140,1
9933,864,44,Ugly shirt,Really unattractive shirt. nothing good i can say about it. horrible fit. i can't imagine this would look good on anyone.,1,0,0,General,Tops,Knits,Ugly shirt. Really unattractive shirt. nothing good i can say about it. horrible fit. i can't imagine this would look good on anyone.,133,35,0
12939,927,32,Color/fabric,This is totally different. great addition to my wardrobe!,5,1,0,General,Tops,Sweaters,Color/fabric. This is totally different. great addition to my wardrobe!,71,16,1
22904,1020,39,"Lovely summer print, runs small","This is a beautiful skirt; the colors are fresh and summery, yet subtle, and it's a nice sturdy cotton, not flimsy and cheap looking. however, i agree with the reviewer who said that this runs small. i take a 4 in most skirts, but i had to try on a 6 and still felt that it didn't fit quite right. if you're extremely thin, this might be great for you.",3,0,0,General Petite,Bottoms,Skirts,"Lovely summer print, runs small. This is a beautiful skirt; the colors are fresh and summery, yet subtle, and it's a nice sturdy cotton, not flimsy and cheap looking. however, i agree with the reviewer who said that this runs small. i take a 4 in most skirts, but i had to try on a 6 and still felt that it didn't fit quite right. if you're extremely thin, this might be great for you.",385,102,1
3404,836,47,Pros & cons,"I am 5' 8"", 145 pounds with a 32 ddd bust. i typically purchase a small or a 4 to 6 in blouses. this blouse was small across the chest and therefore, i purchased a size 8. it is a nice fit. however, the button placement on the blouse does not work well for someone who is chesty. one button is placed slightly above bust line and the other slightly below. this causes a peek-a-boo space between buttons. therefore, i wear a bright white tank top beneath the blouse and wear the blouse unbuttoned to j",3,0,0,General Petite,Tops,Blouses,"Pros & cons. I am 5' 8"", 145 pounds with a 32 ddd bust. i typically purchase a small or a 4 to 6 in blouses. this blouse was small across the chest and therefore, i purchased a size 8. it is a nice fit. however, the button placement on the blouse does not work well for someone who is chesty. one button is placed slightly above bust line and the other slightly below. this causes a peek-a-boo space between buttons. therefore, i wear a bright white tank top beneath the blouse and wear the blouse unbuttoned to j",513,132,1
6360,1059,65,Another charlie winner,"I am not really a ""print person"" but cartonnier gets it right every time - modern prints that lend themselves to many styling and paring options. the charlie trouser, which they do every season, is a great fitting pant (going up a size is a must as they do run small) with details (stitching, buttons, pockets) that make their pants look more expensive than they actually are.
i bought these in the blue combo when i saw them at my local retailer store. the blue combo has both blue and black (as well",5,1,16,General,Bottoms,Pants,"Another charlie winner. I am not really a ""print person"" but cartonnier gets it right every time - modern prints that lend themselves to many styling and paring options. the charlie trouser, which they do every season, is a great fitting pant (going up a size is a must as they do run small) with details (stitching, buttons, pockets) that make their pants look more expensive than they actually are.
i bought these in the blue combo when i saw them at my local retailer store. the blue combo has both blue and black (as well",525,127,1
17667,1080,57,Nice fit!,"I do love sheath dresses and this one is very adorable!
true to size and nice length.
the black and white is kind of a throwback to the 60s flower power era and really cute.
nice weight so feels substantial not the flimsy wrinkly type material; more like a crepe.
very nice!",5,1,0,General Petite,Dresses,Dresses,"Nice fit!. I do love sheath dresses and this one is very adorable!
true to size and nice length.
the black and white is kind of a throwback to the 60s flower power era and really cute.
nice weight so feels substantial not the flimsy wrinkly type material; more like a crepe.
very nice!",289,73,1
20720,1100,47,Beautiful summer dress,"This is a very beautiful summer dress with plenty of lightweight fabric. i loved the colors and the design. i know that some other reviewer complained that this is polyester, and it is, but it feels like chiffon. the only two complaints i have are- 1. the dress is large, so go a size smaller than you would normally, and 2. this is dry clean only! if this is polyester, why would they suggest that it should be dry cleaned only? that is going to take a chunk out of the budget to get it cleaned. oth",4,1,0,General Petite,Dresses,Dresses,"Beautiful summer dress. This is a very beautiful summer dress with plenty of lightweight fabric. i loved the colors and the design. i know that some other reviewer complained that this is polyester, and it is, but it feels like chiffon. the only two complaints i have are- 1. the dress is large, so go a size smaller than you would normally, and 2. this is dry clean only! if this is polyester, why would they suggest that it should be dry cleaned only? that is going to take a chunk out of the budget to get it cleaned. oth",524,131,1
22349,1072,47,Sadly not for me!,This is an adorable dress that just didn't work for me! so sad! i wanted to love it because the pattern is super cute. i gave it 4 stars because it is very pretty and i can see it working on others!,4,0,9,General,Dresses,Dresses,Sadly not for me!. This is an adorable dress that just didn't work for me! so sad! i wanted to love it because the pattern is super cute. i gave it 4 stars because it is very pretty and i can see it working on others!,217,57,1
9731,1056,44,Love these pants until i washed them,"I bought these in the mustard color and the salmon color.  i didn't have a problem with general fading, but used natural, mild stain remover (biokleen) and the pants were ruined. one faded where i sprayed and the other has a permanent water mark.  cold wash and line dried. such a bummer that these pants aren't every day wearable and washable!",2,0,0,General,Bottoms,Pants,"Love these pants until i washed them. I bought these in the mustard color and the salmon color.  i didn't have a problem with general fading, but used natural, mild stain remover (biokleen) and the pants were ruined. one faded where i sprayed and the other has a permanent water mark.  cold wash and line dried. such a bummer that these pants aren't every day wearable and washable!",382,100,0
9161,1126,82,Houndstooth,"This an absolutely beautiful quality stylish coat but through no fault of the coat, i had to return it because i looked like a bear in it. i'm too short and too round around the middle for this type check and this type material. i wouldn't want to discourage anyone from trying it.",5,0,0,General Petite,Jackets,Outerwear,"Houndstooth. This an absolutely beautiful quality stylish coat but through no fault of the coat, i had to return it because i looked like a bear in it. i'm too short and too round around the middle for this type check and this type material. i wouldn't want to discourage anyone from trying it.",294,71,0
3145,862,26,Comfy,This sweater was cute and comfy and was true to size.,4,1,0,General,Tops,Knits,Comfy. This sweater was cute and comfy and was true to size.,60,19,1
9266,927,46,Nice design but poorly executed,"I was really eager to receive this sweater, i was expecting the same as in the picture. i received it today and i am already returning it. first of all the sweater didn't look new, it is mostly shapeless, it has little balls and piling on the wool (what happens after wearing a sweater for a few months) and the metallic color makes it look cheap. in the knitting itself there are missing points and there are actual holes in some places. it is a beautiful design but other than that not even the col",1,0,1,General Petite,Tops,Sweaters,"Nice design but poorly executed. I was really eager to receive this sweater, i was expecting the same as in the picture. i received it today and i am already returning it. first of all the sweater didn't look new, it is mostly shapeless, it has little balls and piling on the wool (what happens after wearing a sweater for a few months) and the metallic color makes it look cheap. in the knitting itself there are missing points and there are actual holes in some places. it is a beautiful design but other than that not even the col",533,127,0
9436,1094,32,Muumuu,"I was surprised at the high quality of fabric; however, the dress looked like a muumuu on. maybe with a belt it would be cuter...",3,0,0,General Petite,Dresses,Dresses,"Muumuu. I was surprised at the high quality of fabric; however, the dress looked like a muumuu on. maybe with a belt it would be cuter...",137,39,1
18656,861,43,Cropped,"I would have loved this top if it were the length pictured on the model, but it was a cropped length on me :(",2,0,4,General,Tops,Knits,"Cropped. I would have loved this top if it were the length pictured on the model, but it was a cropped length on me :(",118,31,1
4755,1080,35,Even more beautiful in person!,"I was on the fence about purchasing this dress for a while and finally took the plunge. glad i did because this dress is stunning and very comfortable. i ordered an xsp and it was the perfect length. originally, i had also considered xxsp. while it fit well above the waist, it was slightly too short. for reference, i'm 5 ft 3.5 inches, 105 pounds.",5,1,0,General,Dresses,Dresses,"Even more beautiful in person!. I was on the fence about purchasing this dress for a while and finally took the plunge. glad i did because this dress is stunning and very comfortable. i ordered an xsp and it was the perfect length. originally, i had also considered xxsp. while it fit well above the waist, it was slightly too short. for reference, i'm 5 ft 3.5 inches, 105 pounds.",381,95,1
2886,829,59,Pretty detail,"I first ordered this in the patterned denim. the online photo looks washed out in comparison. the blouse has very pretty detail all along the body and cute brass buttons. the pattern unfortunately looks more vivid in person and as result, i did not like. i brought it to the store and tried on white but it was very sheer (all though the pleating in front helps). i ended up exchanging it with plum which is also beautiful - not as much sheen as shown on the photo, but still beautiful.",4,1,1,General Petite,Tops,Blouses,"Pretty detail. I first ordered this in the patterned denim. the online photo looks washed out in comparison. the blouse has very pretty detail all along the body and cute brass buttons. the pattern unfortunately looks more vivid in person and as result, i did not like. i brought it to the store and tried on white but it was very sheer (all though the pleating in front helps). i ended up exchanging it with plum which is also beautiful - not as much sheen as shown on the photo, but still beautiful.",501,118,1
12115,872,28,Too baggy,Tried on the xxs petite and still felt that it looked too boxy and baggy on me. cute concept but poor execution,3,0,0,General,Tops,Knits,Too baggy. Tried on the xxs petite and still felt that it looked too boxy and baggy on me. cute concept but poor execution,122,31,0
19346,1081,29,So in love,"I love this dress so much i bought it in 2 colors, it's so soft and cozy, i want to live in it!",4,1,0,General Petite,Dresses,Dresses,"So in love. I love this dress so much i bought it in 2 colors, it's so soft and cozy, i want to live in it!",107,33,1
13545,927,36,The stitching is beautiful but.....,"The sweater could be really pretty, but it is huge. i ordered the xs/s and it was swimming on me. it's too bad, because the stitching was beautiful, but this item is going back.",2,0,1,General Petite,Tops,Sweaters,"The stitching is beautiful but...... The sweater could be really pretty, but it is huge. i ordered the xs/s and it was swimming on me. it's too bad, because the stitching was beautiful, but this item is going back.",214,62,0
6887,251,37,Wanted to love this!,"This is a beautiful cardigan. its effortless, lightweight, with some cool detail to keep that low key look extra stylish. the moss color is very subtle with a small lined print. i wanted to love this...the detail, the length, the weight and the color are all so dreamy...but for me, the arms were super tight. normally i'm a l or xl in all retailer tops and sweaters...and i do have larger arms which is always a struggle for me when shopping. i couldn't even get the cardigan on my arms. there is no s",5,1,8,Initmates,Intimate,Lounge,"Wanted to love this!. This is a beautiful cardigan. its effortless, lightweight, with some cool detail to keep that low key look extra stylish. the moss color is very subtle with a small lined print. i wanted to love this...the detail, the length, the weight and the color are all so dreamy...but for me, the arms were super tight. normally i'm a l or xl in all retailer tops and sweaters...and i do have larger arms which is always a struggle for me when shopping. i couldn't even get the cardigan on my arms. there is no s",524,137,1
704,1165,31,"Beautiful print, bad fit","The colors and print are absolutely beautiful and i'm quite heartbroken that this suit just doesn't fit. i don't have a long torso but the v was just so plunging that i wouldn't feel comfortable leaving the backyard lounge chair in this bathing suit. no matter how much i tied the halter it still revealed a v halfway down to my naval. the strange thing is that there seemed to be too much fabric on top, lots of ruching and thicker straps than i would normally go for, and while i'm only around a b",3,0,0,Initmates,Intimate,Swim,"Beautiful print, bad fit. The colors and print are absolutely beautiful and i'm quite heartbroken that this suit just doesn't fit. i don't have a long torso but the v was just so plunging that i wouldn't feel comfortable leaving the backyard lounge chair in this bathing suit. no matter how much i tied the halter it still revealed a v halfway down to my naval. the strange thing is that there seemed to be too much fabric on top, lots of ruching and thicker straps than i would normally go for, and while i'm only around a b",525,130,0
8887,867,30,Not my cup of tee,It fits super baggy everywhere and looked sloppy on me.,1,0,0,General,Tops,Knits,Not my cup of tee. It fits super baggy everywhere and looked sloppy on me.,74,22,0
15163,850,57,Fun casual tunic,"So soft. a casual tunic, yet polished and interesting enough for work. darker blue than the photo, and the colors are much brighter and prettier in person.",5,1,0,General,Tops,Blouses,"Fun casual tunic. So soft. a casual tunic, yet polished and interesting enough for work. darker blue than the photo, and the colors are much brighter and prettier in person.",173,44,1
20524,870,56,"One size is too big, the other too small!","I didn't know what to put for ""runs small, true to size, or runs large,"" but it required me to put something...i first ordered the xl, and it was ridiculously gianormous. the next time, i ordered a large. i thought the large would either be a perfect fit or still too large, based on how the xl had fit. the large was too tight! i could not believe it! it is too bad, for i love the design and color of this top! i ordered it in the muted red color. if you can find a size that works for you, go for",3,0,2,General,Tops,Knits,"One size is too big, the other too small!. I didn't know what to put for ""runs small, true to size, or runs large,"" but it required me to put something...i first ordered the xl, and it was ridiculously gianormous. the next time, i ordered a large. i thought the large would either be a perfect fit or still too large, based on how the xl had fit. the large was too tight! i could not believe it! it is too bad, for i love the design and color of this top! i ordered it in the muted red color. if you can find a size that works for you, go for",542,145,0
21395,823,48,Beautiful top,"Loved the material and the feel. however, it does run a bit large on the shoulders so i had to return.",4,1,0,General Petite,Tops,Blouses,"Beautiful top. Loved the material and the feel. however, it does run a bit large on the shoulders so i had to return.",117,28,1
12966,829,31,Maeve has done it again,"Maeve has done it again with a fabulous blouse. i bought in the blue motif and the colors are so wonderfully fall. the length is great for skinny jeans and leggings. loved that it covered the rear end as well. i am 5'5"", 135lbs, curvy/athletic frame, 34c and the size small fit well.",5,1,7,General Petite,Tops,Blouses,"Maeve has done it again. Maeve has done it again with a fabulous blouse. i bought in the blue motif and the colors are so wonderfully fall. the length is great for skinny jeans and leggings. loved that it covered the rear end as well. i am 5'5"", 135lbs, curvy/athletic frame, 34c and the size small fit well.",308,83,1
22008,1089,28,Beautiful pattern,"I lucked out and found one of these in my local retailer and i absolutely love it. fits well, although, i do think that the sleeves run a tad bit narrow when they are folded up, but i prefer the dress with the sleeves down anyway. fits very true to size. i can't wait to wear this with boots and leggings!",5,1,0,General,Dresses,Dresses,"Beautiful pattern. I lucked out and found one of these in my local retailer and i absolutely love it. fits well, although, i do think that the sleeves run a tad bit narrow when they are folded up, but i prefer the dress with the sleeves down anyway. fits very true to size. i can't wait to wear this with boots and leggings!",324,86,1
18001,1056,49,So glad i got these!,"I knew i would love these pants because of the cute sailor styling, but the unusual green color. i am 5'5"" and thought i would be stepping on them, but i am fine. they are longer than the picture with the model on the website which i expected, but they are fine. the fabric is beautiful and i can't wait to wear them with my white-on-white sneakers. i will also mix it up with sandals. i wrote below that my style is bohemian, but truthfully i dress in all the ways listed below...classic, romantic,",5,1,1,General,Bottoms,Pants,"So glad i got these!. I knew i would love these pants because of the cute sailor styling, but the unusual green color. i am 5'5"" and thought i would be stepping on them, but i am fine. they are longer than the picture with the model on the website which i expected, but they are fine. the fabric is beautiful and i can't wait to wear them with my white-on-white sneakers. i will also mix it up with sandals. i wrote below that my style is bohemian, but truthfully i dress in all the ways listed below...classic, romantic,",521,134,1
10097,1110,34,Poor quality for price,"I was really excited about this dress- the style looked like it would be a spring/summer staple in my retailer-heavy wardrobe. i was really surprised when i received it in the mail. the dress is quite thin cotton fabric and feels cheaply made. for the price, i could purchase a much higher quality dress elsewhere that would hold up better. i've been an retailer fan for more than an decade, but this trend of higher prices for lower quality is disappointing and insirpring me to leave a review for the f",2,0,10,General Petite,Dresses,Dresses,"Poor quality for price. I was really excited about this dress- the style looked like it would be a spring/summer staple in my retailer-heavy wardrobe. i was really surprised when i received it in the mail. the dress is quite thin cotton fabric and feels cheaply made. for the price, i could purchase a much higher quality dress elsewhere that would hold up better. i've been an retailer fan for more than an decade, but this trend of higher prices for lower quality is disappointing and insirpring me to leave a review for the f",528,122,0
2190,876,56,Pretty but...,"This shirt is pretty but wasn't worth the price in my opinion. the shirt does a pretty decent job of staying closed at least, and the embroidering is pretty, but i could tell the material wouldn't last very long.

also i like my shirts loose fitting, but this one looks more boxy than flowy. i'd probably still buy it if it were cheaper.",4,1,0,General Petite,Tops,Knits,"Pretty but.... This shirt is pretty but wasn't worth the price in my opinion. the shirt does a pretty decent job of staying closed at least, and the embroidering is pretty, but i could tell the material wouldn't last very long.

also i like my shirts loose fitting, but this one looks more boxy than flowy. i'd probably still buy it if it were cheaper.",352,92,1
10645,879,44,Disappointed,I wanted to love this top. it was huge and i didn't like the material. it felt like it should have been much less expensive than it was.,3,0,3,General,Tops,Knits,Disappointed. I wanted to love this top. it was huge and i didn't like the material. it felt like it should have been much less expensive than it was.,150,37,0
